algorithm,user_id,diversity_label,solution_type,preference,cost,time,co2,diversity,penalty,constraint_compliance_count,breakfast,lunch_dinner,all_selected_foods,energy,protein,carbohydrate,fiber,sodium
nsga2,1,div_on,pareto_0,20.3,15.85,5.0,30.5,6,3.6732156374321683,0,"[21, 12, 41, 49, 75, 28]",[],"[21, 12, 41, 49, 75, 28]",925.6602,13.42493,508.853302,9.57667,451.94875
nsga2,1,div_on,pareto_1,11.5,6.48,225.0,22.8,3,0.5906260416666671,3,[73],"[254, 388, 311]","[73, 254, 388, 311]",1820.7979999999998,59.50045,200.8972,24.70355,1373.879
nsga2,1,div_on,pareto_2,105.50000000000003,46.8,635.0,82.0,14,0.46458128366833984,1,"[29, 31, 67, 87, 89, 74, 7, 5, 86, 76]","[228, 327, 116, 202, 401, 334, 163, 273, 245, 266, 284]","[29, 31, 67, 87, 89, 74, 7, 5, 86, 76, 228, 327, 116, 202, 401, 334, 163, 273, 245, 266, 284]",2742.7444300000006,114.00548479999999,265.18785499999996,15.828329600000002,2570.6363200000005
nsga2,1,div_on,pareto_3,78.40000000000002,25.25,720.0,68.89999999999999,12,0.42242179692051246,2,"[55, 29, 67, 39, 19, 42]","[294, 253, 276, 268, 404, 216, 223, 336, 312, 245, 266]","[55, 29, 67, 39, 19, 42, 294, 253, 276, 268, 404, 216, 223, 336, 312, 245, 266]",2748.74733,91.768982,298.19389000000007,14.768567999999998,2616.8737650000003
nsga2,1,div_on,pareto_4,90.30000000000003,48.26,430.0,61.599999999999994,13,0.3791477163883813,1,"[29, 31, 67, 87, 89, 74, 7, 5, 86, 76]","[273, 224, 217, 158, 109, 245, 161, 266, 201, 284, 336]","[29, 31, 67, 87, 89, 74, 7, 5, 86, 76, 273, 224, 217, 158, 109, 245, 161, 266, 201, 284, 336]",2641.3280300000006,111.1632648,344.93749099999997,17.5490276,2283.52812
nsga2,1,div_on,pareto_5,11.5,6.48,225.0,22.8,3,0.5906260416666671,3,[73],"[254, 388, 311]","[73, 254, 388, 311]",1820.7979999999998,59.50045,200.8972,24.70355,1373.879
nsga2,1,div_on,pareto_6,95.20000000000002,42.449999999999996,515.0,66.3,13,0.37069382220565117,2,"[29, 31, 67, 87, 89, 74, 7, 5, 86, 76]","[404, 228, 327, 116, 202, 401, 159, 334, 245]","[29, 31, 67, 87, 89, 74, 7, 5, 86, 76, 404, 228, 327, 116, 202, 401, 159, 334, 245]",2754.5902,113.2088595,273.176915,16.5025566,2242.71022
nsga2,1,div_on,pareto_7,30.200000000000003,12.2,75.0,16.8,6,3.711161160203045,0,"[41, 49, 21, 12, 48, 53]",[],"[41, 49, 21, 12, 48, 53]",955.987,18.387529999999998,500.5323900000001,11.82102,259.63565
nsga2,1,div_on,pareto_8,84.50000000000001,34.22,330.0,55.0,11,0.31011350921419056,3,"[29, 31, 67, 87, 89, 74, 7, 5, 86, 76]","[327, 116, 287, 401, 245, 266]","[29, 31, 67, 87, 89, 74, 7, 5, 86, 76, 327, 116, 287, 401, 245, 266]",2751.9546299999997,94.46422150000001,232.95194099999998,10.1209146,1981.2000199999998
nsga2,1,div_on,pareto_9,43.900000000000006,26.48,170.0,37.5,10,0.11623342459580499,3,"[24, 84, 75, 87, 89, 74, 42, 7, 5]","[109, 245, 161, 263, 160]","[24, 84, 75, 87, 89, 74, 42, 7, 5, 109, 245, 161, 263, 160]",2019.013,64.7070655,328.64052,18.0053846,1593.15132
nsga2,1,div_on,pareto_10,39.7,11.21,310.0,30.1,7,0.0939154175824176,4,[73],"[341, 381, 115, 150, 155, 357]","[73, 341, 381, 115, 150, 155, 357]",2221.499,79.93051,309.7443,45.62910000000001,1523.8486
nsga2,1,div_on,pareto_11,63.49999999999999,13.47,495.0,42.1,9,0.08823198443543404,3,"[39, 19, 42, 24]","[134, 392, 154, 382, 266, 241]","[39, 19, 42, 24, 134, 392, 154, 382, 266, 241]",2120.77203,51.54273200000001,314.09909,18.00324,1686.4601000000002
nsga2,1,div_on,pareto_12,29.099999999999998,10.02,333.0,23.000000000000004,5,0.12026237500000014,4,"[86, 16, 11]","[296, 369, 166]","[86, 16, 11, 296, 369, 166]",1988.4215,73.96240399999999,187.30346000000003,26.87706,1525.723
nsga2,1,div_on,pareto_13,78.40000000000002,30.570000000000004,590.0,50.60000000000001,10,0.2845981916597779,1,"[29, 67, 87, 74, 39]","[134, 392, 154, 382, 266, 241, 201, 284]","[29, 67, 87, 74, 39, 134, 392, 154, 382, 266, 241, 201, 284]",2527.15673,107.1887153,344.59047,14.497536000000002,2084.3866
nsga2,1,div_on,pareto_14,54.79999999999999,27.680000000000003,290.0,47.4,11,0.053573288531468546,4,"[39, 19, 42, 7, 5, 70, 86, 28, 56]","[224, 217, 158, 109, 245, 161]","[39, 19, 42, 7, 5, 70, 86, 28, 56, 224, 217, 158, 109, 245, 161]",2022.1345999999999,63.77015949999999,303.518122,21.2085166,1878.10532
nsga2,1,div_on,pareto_15,74.80000000000003,23.32,675.0,62.50000000000001,11,0.34453008667016144,2,"[31, 67, 87, 89, 74, 42]","[294, 253, 276, 268, 404, 216, 393, 336, 312, 245, 266]","[31, 67, 87, 89, 74, 42, 294, 253, 276, 268, 404, 216, 393, 336, 312, 245, 266]",2721.271730000001,75.608972,269.33669000000003,18.177843999999997,2454.650465
nsga2,1,div_on,pareto_16,14.7,5.7,20.0,12.3,4,3.664941564869366,0,"[34, 93, 41, 49]",[],"[34, 93, 41, 49]",906.6237,24.28274,476.24092,9.36964,316.332
nsga2,1,div_on,pareto_17,74.30000000000001,31.34,560.0,60.7,12,0.12543576402146206,2,"[29, 67, 39, 19, 42]","[404, 228, 327, 116, 202, 159, 158, 284]","[29, 67, 39, 19, 42, 404, 228, 327, 116, 202, 159, 158, 284]",2411.9292000000005,114.93093329999999,245.440644,17.611728,1965.1921
nsga2,1,div_on,pareto_18,68.60000000000001,22.1,537.0,41.99999999999999,9,0.500371571517094,2,"[23, 57, 41]","[262, 249, 309, 218, 113, 99, 139, 374, 369, 341]","[23, 57, 41, 262, 249, 309, 218, 113, 99, 139, 374, 369, 341]",2688.7932,65.120806,344.7763499999999,42.17194500000001,1357.2673399999999
nsga2,1,div_on,pareto_19,54.6,14.41,385.0,49.400000000000006,8,0.0799169751550564,3,"[70, 86, 28, 56, 27]","[214, 134, 392, 382, 266, 241]","[70, 86, 28, 56, 27, 214, 134, 392, 382, 266, 241]",2398.14093,53.81877600000001,307.536742,19.650826,1825.7158
nsga2,1,div_off,pareto_0,81.60000000000001,34.220000000000006,515.0,77.9,12,0.40469902276866465,1,"[68, 84, 78, 22, 36]","[395, 239, 323, 98, 222, 402, 375, 266, 284]","[68, 84, 78, 22, 36, 395, 239, 323, 98, 222, 402, 375, 266, 284]",2755.0692300000005,111.56463529999999,245.10732,14.179944,2513.7751000000003
nsga2,1,div_off,pareto_1,7.5,4.2299999999999995,5.0,11.2,2,3.901446215417762,0,"[49, 93, 36]",[],"[49, 93, 36]",745.25,17.275,410.6,0.0,147.0
nsga2,1,div_off,pareto_2,15.100000000000001,3.77,94.0,10.9,3,3.5319752645643674,0,"[45, 49, 78]",[],"[45, 49, 78]",742.4449999999999,17.62086,428.5025,3.38579,617.1949999999999
nsga2,1,div_off,pareto_3,61.99999999999999,16.59,580.0,55.0,8,0.18556232250000013,3,"[84, 31, 10]","[261, 134, 392, 154, 382, 266, 241]","[84, 31, 10, 261, 134, 392, 154, 382, 266, 241]",2601.23003,78.67013199999998,315.01058,20.139495999999998,1739.9068000000002
nsga2,1,div_off,pareto_4,81.60000000000001,34.220000000000006,515.0,77.9,12,0.40469902276866465,1,"[68, 84, 78, 22, 36]","[395, 239, 323, 98, 222, 402, 375, 266, 284]","[68, 84, 78, 22, 36, 395, 239, 323, 98, 222, 402, 375, 266, 284]",2755.0692300000005,111.56463529999999,245.10732,14.179944,2513.7751000000003
nsga2,1,div_off,pareto_5,1.7,3.29,65.0,6.3,2,4.041327457084428,0,"[49, 10]",[],"[49, 10]",634.114,21.2541,400.94867,0.0,130.899
nsga2,1,div_off,pareto_6,24.200000000000003,9.3,250.0,23.1,2,0.12705699999999986,3,[73],"[156, 240]","[73, 156, 240]",1997.689,78.79541,178.2874,27.35179,1359.414
nsga2,1,div_off,pareto_7,70.6,25.030000000000005,442.0,40.6,11,0.2550446320425391,3,"[84, 78, 22, 36, 86, 54]","[217, 147, 156, 265, 206, 215, 328, 266]","[84, 78, 22, 36, 86, 54, 217, 147, 156, 265, 206, 215, 328, 266]",2739.8997299999996,97.296096,287.84981000000005,18.291673,1995.5773999999997
nsga2,1,div_off,pareto_8,75.8,28.259999999999998,537.0,55.80000000000001,10,0.3403526467804893,2,"[86, 63, 54, 53]","[395, 239, 323, 98, 222, 402, 147, 266]","[86, 63, 54, 53, 395, 239, 323, 98, 222, 402, 147, 266]",2757.6305300000004,114.350306,245.45253000000002,14.608214000000002,2030.8999999999999
nsga2,1,div_off,pareto_9,61.5,32.510000000000005,340.0,60.2,10,0.3317634714697787,2,"[44, 28, 34, 71, 76, 22]","[337, 382, 405, 221, 241, 161]","[44, 28, 34, 71, 76, 22, 337, 382, 405, 221, 241, 161]",2751.6825999999996,97.78505000000003,329.40830300000005,18.058274,1606.9418
nsga2,1,div_off,pareto_10,57.4,29.64,325.0,46.89999999999999,10,0.43559548250000013,2,"[58, 4, 12, 9]","[223, 393, 302, 261, 336, 228, 266]","[58, 4, 12, 9, 223, 393, 302, 261, 336, 228, 266]",2755.96903,114.865462,271.208134,29.054063999999997,1392.2384
nsga2,1,div_off,pareto_11,29.599999999999998,14.57,305.0,26.199999999999996,5,0.06588545769230764,3,"[32, 91]","[396, 405, 364]","[32, 91, 396, 405, 364]",2169.115,102.58733,160.16665,29.41879,1927.648
nsga2,1,div_off,pareto_12,35.400000000000006,12.39,392.0,20.299999999999997,6,0.0,5,[66],"[376, 206, 147, 401, 130, 405]","[66, 376, 206, 147, 401, 130, 405]",2333.739,51.696099999999994,296.11669,30.883050000000004,1501.0884
nsga2,1,div_off,pareto_13,74.9,23.61,470.0,53.3,11,0.3462397826923077,2,"[17, 58, 18, 6]","[117, 323, 249, 218, 113, 99, 139, 341, 381, 266]","[17, 58, 18, 6, 117, 323, 249, 218, 113, 99, 139, 341, 381, 266]",2736.72323,88.542718,318.96722,29.403082999999995,1442.94074
nsga2,1,div_off,pareto_14,38.4,18.28,388.0,26.000000000000004,9,0.1615273705764797,1,"[36, 88, 25, 58, 94]","[214, 392, 154, 382, 401]","[36, 88, 25, 58, 94, 214, 392, 154, 382, 401]",2435.326,56.42051000000001,344.06681000000003,18.092484000000002,1462.0498000000002
nsga2,1,div_off,pareto_15,42.5,10.52,475.0,25.700000000000003,7,0.2527900846153846,3,"[31, 10]","[273, 150, 243, 179, 393]","[31, 10, 273, 150, 243, 179, 393]",1903.462,59.199020000000004,154.42812,23.649723,1697.7720000000002
nsga2,1,div_off,pareto_16,7.5,4.2299999999999995,5.0,11.2,2,3.901446215417762,0,"[49, 93, 36]",[],"[49, 93, 36]",745.25,17.275,410.6,0.0,147.0
nsga2,1,div_off,pareto_17,48.10000000000001,20.13,310.0,33.8,8,0.0,5,"[20, 75, 24, 89, 51, 88]","[337, 382, 405]","[20, 75, 24, 89, 51, 88, 337, 382, 405]",2057.252,79.13866000000002,278.12606,22.214834,1661.4161000000004
nsga2,1,div_off,pareto_18,26.5,15.309999999999999,173.0,23.3,5,0.2937989100087109,2,"[70, 94, 20, 51, 75]",[210],"[70, 94, 20, 51, 75, 210]",1833.7415999999998,73.36761,169.47679,19.58052,2099.285
nsga2,1,div_off,pareto_19,53.1,21.720000000000002,410.0,34.9,9,0.3237833184737955,2,"[10, 51, 72]","[326, 245, 243, 392, 382, 401, 161]","[10, 51, 72, 326, 245, 243, 392, 382, 401, 161]",2735.3710000000005,114.44586000000002,288.88379000000003,19.632652,2259.6798000000003
nsga2,97,div_on,pareto_0,14.0604292,11.66,5.0,20.6,4,2.391472362830534,0,"[49, 89, 75, 44, 61]",[],"[49, 89, 75, 44, 61]",868.45,18.62,466.627,2.35,877.75
nsga2,97,div_on,pareto_1,14.179127000000001,4.5600000000000005,320.0,18.7,3,0.16666666666666666,5,[66],"[110, 180, 190]","[66, 110, 180, 190]",1914.11,41.30099,214.17030000000003,27.36149,1632.979
nsga2,97,div_on,pareto_2,2.9997672,4.15,8.0,2.0,2,3.1203829902410445,0,"[50, 49]",[],"[50, 49]",756.55,14.925,486.3,13.8,437.0
nsga2,97,div_on,pareto_3,40.087894,15.97,502.0,30.1,9,0.18926581070336607,3,"[54, 53, 82, 4]","[239, 300, 308, 362, 150, 360]","[54, 53, 82, 4, 239, 300, 308, 362, 150, 360]",2667.3205000000003,90.32767600000001,284.41826,19.287140899999997,1734.8800699999997
nsga2,97,div_on,pareto_4,99.51209253000002,32.48,327.0,49.699999999999996,11,0.2407514589995282,2,"[7, 25, 72, 29, 87, 76, 81, 86, 82, 92, 5, 28]","[300, 308, 150, 360, 95]","[7, 25, 72, 29, 87, 76, 81, 86, 82, 92, 5, 28, 300, 308, 150, 360, 95]",2588.16452,59.9373855,343.799044,18.0051035,1812.0079899999998
nsga2,97,div_on,pareto_5,88.22511813,44.029999999999994,247.0,74.79999999999998,12,0.30719270050976044,1,"[7, 25, 72, 29, 87, 76, 81, 86, 82, 92, 5, 28]","[300, 112, 220, 289, 284, 336, 245, 266]","[7, 25, 72, 29, 87, 76, 81, 86, 82, 92, 5, 28, 300, 112, 220, 289, 284, 336, 245, 266]",2736.0307500000004,107.91116079999999,324.701944,6.4518154999999995,2040.48809
nsga2,97,div_on,pareto_6,98.96642353,41.43,282.0,54.6,11,0.21290179160839146,3,"[7, 25, 72, 29, 87, 76, 81, 86, 82, 92, 5, 28]","[285, 269, 113, 401, 143, 334, 246]","[7, 25, 72, 29, 87, 76, 81, 86, 82, 92, 5, 28, 285, 269, 113, 401, 143, 334, 246]",2538.67532,75.2865255,342.51415399999996,31.1186025,1503.6232300000001
nsga2,97,div_on,pareto_7,85.73771253,36.67,312.0,58.3,10,0.05,5,"[7, 25, 72, 29, 87, 76, 81, 86, 82, 92, 5, 28]","[134, 394, 116, 357]","[7, 25, 72, 29, 87, 76, 81, 86, 82, 92, 5, 28, 134, 394, 116, 357]",2196.24052,59.92820549999999,298.597644,34.7074735,1799.79699
nsga2,97,div_on,pareto_8,69.012937,27.97,330.0,46.0,9,0.5359584907478634,2,"[58, 13, 7, 22, 17]","[308, 306, 269, 113, 246, 245]","[58, 13, 7, 22, 17, 308, 306, 269, 113, 246, 245]",2758.3572000000004,86.55768,308.63352,31.2329,1178.51334
nsga2,97,div_on,pareto_9,33.48429399999999,10.470000000000002,444.0,32.1,6,0.28684519261985425,1,"[45, 62, 17, 39]","[109, 134, 359, 211, 151, 162]","[45, 62, 17, 39, 109, 134, 359, 211, 151, 162]",2436.1333,82.28269999999999,334.19590999999997,18.658775,2583.8333000000002
nsga2,97,div_on,pareto_10,81.40417799999999,19.680000000000003,385.0,50.199999999999996,12,0.13673701512820505,4,"[81, 7, 67, 58, 17, 86, 92, 21]","[113, 132, 333, 314, 296, 318, 245]","[81, 7, 67, 58, 17, 86, 92, 21, 113, 132, 333, 314, 296, 318, 245]",2159.87152,48.08300400000001,341.19715099999996,28.13707,1618.17569
nsga2,97,div_on,pareto_11,17.8899672,5.1499999999999995,105.0,11.2,3,3.1242345118210095,0,"[31, 49, 74]",[],"[31, 49, 74]",907.0585,13.49982,446.62784,0.34074,52.133700000000005
nsga2,97,div_on,pareto_12,68.253054,17.15,190.0,37.800000000000004,9,0.18600665407941738,2,"[59, 76, 5, 86]","[159, 245, 317, 132, 105, 269, 338]","[59, 76, 5, 86, 159, 245, 317, 132, 105, 269, 338]",2330.7990999999997,49.2158995,305.263281,18.4506826,2615.1903600000005
nsga2,97,div_on,pareto_13,56.63421219999999,16.89,17.0,25.299999999999997,5,2.8290394485842483,0,"[81, 75, 49, 88, 86, 82, 92, 29, 5, 76]",[],"[81, 75, 49, 88, 86, 82, 92, 29, 5, 76]",955.0537199999999,10.991675500000001,537.339012,3.5287335,521.73999
nsga2,97,div_on,pareto_14,50.620539199999996,19.159999999999997,17.0,51.1,8,2.6170271342226883,0,"[81, 75, 49, 88, 86, 82, 92, 21, 44, 5, 28]",[],"[81, 75, 49, 88, 86, 82, 92, 21, 44, 5, 28]",962.2438199999999,13.880605500000001,528.961043,3.2454035,651.00374
nsga2,97,div_on,pareto_15,25.8003942,6.77,100.0,27.199999999999996,4,2.966222438045138,0,"[31, 49, 18, 44, 92]",[],"[31, 49, 18, 44, 92]",963.1401199999999,11.2132,471.285471,0.5,205.831
nsga2,97,div_on,pareto_16,77.65196732999999,31.18,237.0,50.599999999999994,8,0.16324029994221215,3,"[7, 25, 72, 29, 87, 76, 81, 86, 82, 92, 5, 28]","[388, 194, 394]","[7, 25, 72, 29, 87, 76, 81, 86, 82, 92, 5, 28, 388, 194, 394]",1713.6815199999999,40.25065549999999,240.71486399999998,19.4952535,1758.4599899999998
nsga2,97,div_on,pareto_17,11.8537372,7.27,35.0,6.3,3,2.877764964296818,0,"[49, 90, 61]",[],"[49, 90, 61]",617.2,22.25,411.127,0.26,510.0
nsga2,97,div_on,pareto_18,74.49835153,28.810000000000002,187.0,42.8,8,0.0625,5,"[7, 25, 72, 29, 87, 76, 81, 86, 82, 92, 5, 28]","[109, 247]","[7, 25, 72, 29, 87, 76, 81, 86, 82, 92, 5, 28, 109, 247]",2310.94252,77.4297955,261.685344,20.1536535,1609.60999
nsga2,97,div_on,pareto_19,88.22511813,44.029999999999994,247.0,74.79999999999998,12,0.30719270050976044,1,"[7, 25, 72, 29, 87, 76, 81, 86, 82, 92, 5, 28]","[300, 112, 220, 289, 284, 336, 245, 266]","[7, 25, 72, 29, 87, 76, 81, 86, 82, 92, 5, 28, 300, 112, 220, 289, 284, 336, 245, 266]",2736.0307500000004,107.91116079999999,324.701944,6.4518154999999995,2040.48809
nsga2,97,div_off,pareto_0,10.967029755,13.610000000000001,20.0,22.7,5,2.4596773018150935,0,"[75, 49, 1, 7, 44]",[],"[75, 49, 1, 7, 44]",965.538,11.503739999999999,457.1415,7.14556,596.976
nsga2,97,div_off,pareto_1,101.363996,38.510000000000005,482.0,52.8,13,0.1011731046153847,3,"[21, 2, 92, 58, 35, 7, 22, 17, 23]","[162, 113, 264, 133, 305, 183, 317]","[21, 2, 92, 58, 35, 7, 22, 17, 23, 162, 113, 264, 133, 305, 183, 317]",2457.78202,50.87085,331.322241,38.5802,1919.52909
nsga2,97,div_off,pareto_2,90.4326213,40.43,325.0,62.900000000000006,13,0.22078255923076937,2,"[8, 76, 12, 5, 75, 28, 78]","[336, 297, 352, 218, 386, 398, 175, 224, 271, 113]","[8, 76, 12, 5, 75, 28, 78, 336, 297, 352, 218, 386, 398, 175, 224, 271, 113]",2634.2939000000006,64.10533550000001,302.46406299999995,31.559998599999997,2561.19816
nsga2,97,div_off,pareto_3,8.1895372,2.75,55.0,9.1,2,2.9355441545836,0,"[49, 78]",[],"[49, 78]",578.0,13.0,402.0,0.5,405.0
nsga2,97,div_off,pareto_4,90.16399799999999,25.590000000000003,835.0,72.9,14,0.27202960949978533,0,"[3, 55, 9, 10, 80]","[325, 376, 361, 358, 342, 384, 254, 284, 294, 253, 276, 404]","[3, 55, 9, 10, 80, 325, 376, 361, 358, 342, 384, 254, 284, 294, 253, 276, 404]",2635.5769000000005,106.43921329999998,316.33894000000004,18.475922,2524.621165
nsga2,97,div_off,pareto_5,1.156569755,12.37,20.0,23.4,5,2.463074440366873,0,"[75, 49, 1, 44, 86]",[],"[75, 49, 1, 44, 86]",963.0715,11.531074,457.26821,6.84556,596.376
nsga2,97,div_off,pareto_6,90.16399799999999,25.590000000000003,835.0,72.9,14,0.27202960949978533,0,"[3, 55, 9, 10, 80]","[325, 376, 361, 358, 342, 384, 254, 284, 294, 253, 276, 404]","[3, 55, 9, 10, 80, 325, 376, 361, 358, 342, 384, 254, 284, 294, 253, 276, 404]",2635.5769000000005,106.43921329999998,316.33894000000004,18.475922,2524.621165
nsga2,97,div_off,pareto_7,21.738967199999998,6.45,130.0,7.5,5,2.7689603923420782,0,"[86, 13, 43, 49, 53]",[],"[86, 13, 43, 49, 53]",934.0805,17.805534,461.02981,7.8516699999999995,211.6273
nsga2,97,div_off,pareto_8,56.53410650000001,16.95,365.0,28.900000000000002,6,0.0,5,"[93, 72]","[217, 308, 379, 113, 214, 195, 132]","[93, 72, 217, 308, 379, 113, 214, 195, 132]",2226.5387,64.70762,263.74228999999997,28.393880000000003,1523.3441400000002
nsga2,97,div_off,pareto_9,34.427772000000004,20.08,230.0,24.7,8,0.0,5,"[78, 25, 17, 39]","[113, 214, 390, 221]","[78, 25, 17, 39, 113, 214, 390, 221]",1992.5155,60.27203,249.21179999999998,27.127570000000002,1550.0943399999999
nsga2,97,div_off,pareto_10,21.739374,31.38,170.0,19.4,8,0.12222816666666646,4,"[75, 86, 54, 82, 8, 5, 50]","[295, 121]","[75, 86, 54, 82, 8, 5, 50, 295, 121]",1695.2330000000002,97.13746549999999,236.20655,24.8751735,1723.83799
nsga2,97,div_off,pareto_11,67.55051999999999,13.52,470.0,35.49999999999999,8,0.10104763846153857,4,"[86, 54, 53, 4]","[206, 269, 314, 203, 105, 176, 245]","[86, 54, 53, 4, 206, 269, 314, 203, 105, 176, 245]",2353.9035,56.445344,343.78731000000005,26.1585,1649.64884
nsga2,97,div_off,pareto_12,46.09585,27.46,199.0,20.7,7,1.5839963924240847e-05,4,"[41, 2, 35, 22, 45, 62]","[141, 121, 291]","[41, 2, 35, 22, 45, 62, 141, 121, 291]",1817.996,96.03472,223.5045,19.77419,1979.7273
nsga2,97,div_off,pareto_13,68.22487,17.89,329.0,32.900000000000006,9,0.1324897000000002,4,"[22, 45, 62, 77, 43]","[217, 308, 113, 246, 298, 159]","[22, 45, 62, 77, 43, 217, 308, 113, 246, 298, 159]",1686.4373999999998,50.08381,210.08241,25.613514000000002,2140.13734
nsga2,97,div_off,pareto_14,85.75577899999999,19.759999999999998,353.0,36.2,7,0.18361973874999982,3,"[88, 18, 3, 80, 55, 82, 81, 22, 45, 15]","[325, 211, 259]","[88, 18, 3, 80, 55, 82, 81, 22, 45, 15, 325, 211, 259]",1681.3119000000002,69.92494599999999,232.47292,24.514345900000002,1448.39967
nsga2,97,div_off,pareto_15,38.90882800000001,14.59,300.0,30.9,7,0.08816656916666679,3,"[68, 33]","[217, 308, 113, 246, 298, 159, 245]","[68, 33, 217, 308, 113, 246, 298, 159, 245]",1760.3773999999999,53.418110000000006,231.60531,37.142824,1452.06834
nsga2,97,div_off,pareto_16,87.918899,37.13,234.0,45.9,12,0.2174734780746686,1,"[7, 22, 62, 88, 23, 57]","[317, 252, 264, 219, 139, 398, 266, 162, 271, 147]","[7, 22, 62, 88, 23, 57, 317, 252, 264, 219, 139, 398, 266, 162, 271, 147]",2401.1930300000004,63.056981999999984,340.37969999999996,19.201287999999998,2629.6987000000004
nsga2,97,div_off,pareto_17,87.970747,34.62,334.0,60.5,11,0.043568774255561694,2,"[21, 2, 92, 58, 35, 7, 22, 45]","[251, 356, 383, 95, 250, 380]","[21, 2, 92, 58, 35, 7, 22, 45, 251, 356, 383, 95, 250, 380]",2472.3025199999997,81.03631,240.84594099999995,19.863922000000002,1491.5337499999998
nsga2,97,div_off,pareto_18,46.614670000000004,13.03,350.0,21.800000000000004,5,0.09935612750000007,4,[73],"[217, 308, 379, 113, 214, 195]","[73, 217, 308, 379, 113, 214, 195]",2120.8727,52.18192,283.14759,43.44992,1386.45014
nsga2,97,div_off,pareto_19,22.091963,11.919999999999998,308.0,28.599999999999998,7,0.0,5,"[6, 54, 50]","[393, 302, 378, 261]","[6, 54, 50, 393, 302, 378, 261]",1957.102,67.45035,270.1625,59.62391,1668.133
spea2,1,div_on,pareto_0,47.5,8.31,415.0,36.8,6,0.08333333333333333,5,"[86, 93, 33]","[150, 296, 240, 237]","[86, 93, 33, 150, 296, 240, 237]",2133.5525000000002,56.69216399999999,218.00671,41.17647,1748.99
spea2,1,div_on,pareto_1,21.700000000000003,17.040000000000003,138.0,24.7,7,0.4046648664285718,3,"[7, 5, 70, 11, 93]","[398, 156]","[7, 5, 70, 11, 93, 398, 156]",1881.6210999999998,86.1777455,187.16598,21.030762600000003,1355.9163199999998
spea2,1,div_on,pareto_2,68.3,17.53,620.0,47.4,10,0.2152976749999998,4,"[70, 93, 79, 76, 78]","[234, 341, 318, 311, 107, 308, 236, 330]","[70, 93, 79, 76, 78, 234, 341, 318, 311, 107, 308, 236, 330]",2620.3968999999997,79.11647,282.30126099999995,22.331954,2295.475
spea2,1,div_on,pareto_3,69.3,23.28,345.0,48.900000000000006,11,0.045454545454545456,5,"[29, 90, 77, 42, 68, 6, 86, 54, 53]","[95, 161, 117, 315]","[29, 90, 77, 42, 68, 6, 86, 54, 53, 95, 161, 117, 315]",2398.8335,91.936724,185.57071000000002,27.849429999999998,1573.0364
spea2,1,div_on,pareto_4,77.6,19.67,740.0,55.800000000000004,10,0.2655753300455953,3,"[68, 6, 86, 54, 9, 48, 70, 93]","[154, 234, 341, 318, 311, 107, 308, 236]","[68, 6, 86, 54, 9, 48, 70, 93, 154, 234, 341, 318, 311, 107, 308, 236]",2687.2548999999995,86.307694,262.63392,18.087523999999995,2246.9859
spea2,1,div_on,pareto_5,38.2,10.48,183.0,22.7,6,0.1427330208333333,3,"[76, 74, 79, 70, 11]","[321, 134]","[76, 74, 79, 70, 11, 321, 134]",2001.9602,110.25326,172.411901,21.548199999999998,1490.7047
spea2,1,div_on,pareto_6,96.20000000000002,34.580000000000005,470.0,90.49999999999999,14,0.41341837642685925,1,"[29, 90, 77, 42, 68, 6, 86, 54, 53]","[218, 208, 223, 175, 401, 372, 383, 245, 266, 284]","[29, 90, 77, 42, 68, 6, 86, 54, 53, 218, 208, 223, 175, 401, 372, 383, 245, 266, 284]",2758.1107300000003,86.5592493,343.5739,12.904548000000002,2321.5151
spea2,1,div_on,pareto_7,73.79999999999998,23.969999999999995,237.0,62.60000000000001,10,0.3033022450000003,3,"[15, 86, 93, 77, 42, 54, 29, 36]","[244, 292, 395, 285, 286]","[15, 86, 93, 77, 42, 54, 29, 36, 244, 292, 395, 285, 286]",2641.8675000000003,114.38032400000002,190.12336,20.08731,1591.762
spea2,1,div_on,pareto_8,36.0,9.370000000000001,309.0,14.5,6,0.19311284583333344,3,"[45, 33]","[316, 381, 271, 276]","[45, 33, 316, 381, 271, 276]",1971.858,66.40283,190.2392,32.046376,1430.8217
spea2,1,div_on,pareto_9,20.6,8.56,140.0,18.9,3,0.3614479666666668,3,"[26, 60]",[210],"[26, 60, 210]",1893.6019999999999,75.14974,168.40568000000002,22.862499999999997,1526.7797999999998
spea2,1,div_on,pareto_10,40.300000000000004,13.620000000000001,375.0,35.6,10,0.21840341999545182,2,"[54, 53, 84, 9, 48]","[395, 320, 141, 336, 314, 365]","[54, 53, 84, 9, 48, 395, 320, 141, 336, 314, 365]",1908.1046000000001,92.16566999999999,168.60751,18.739126,1678.5292
spea2,1,div_on,pareto_11,87.0,24.080000000000002,420.0,73.39999999999999,11,0.3606955234824044,2,"[29, 90, 77, 42, 68, 6, 86, 63]","[268, 401, 273, 190, 297, 395, 141, 336, 266]","[29, 90, 77, 42, 68, 6, 86, 63, 268, 401, 273, 190, 297, 395, 141, 336, 266]",2718.3320300000005,97.67761599999997,202.86015,18.383145,2503.6761
spea2,1,div_on,pareto_12,17.0,3.61,15.0,5.800000000000001,3,4.154965194513317,0,"[74, 49, 79]",[],"[74, 49, 79]",716.7685,13.13662,406.34704,0.34074,148.6377
spea2,1,div_on,pareto_13,44.1,14.960000000000003,167.0,39.0,8,0.28949947692307704,3,"[29, 16, 15, 70, 92, 57]","[286, 395, 114, 131, 132]","[29, 16, 15, 70, 92, 57, 286, 395, 114, 131, 132]",1925.24372,49.63793,341.676261,23.452265000000004,1684.89691
spea2,1,div_on,pareto_14,56.39999999999999,13.910000000000002,525.0,40.2,9,0.055676101181369765,4,"[68, 6, 86, 54, 9, 48, 70, 93]","[280, 154, 234, 341, 318, 311]","[68, 6, 86, 54, 9, 48, 70, 93, 280, 154, 234, 341, 318, 311]",2220.6629,79.43469400000001,197.48672,18.281536,1881.1549
spea2,1,div_on,pareto_15,25.700000000000003,7.08,362.0,20.8,5,0.52495506375,3,"[82, 73]","[234, 318, 311, 107]","[82, 73, 234, 318, 311, 107]",1804.2597,52.45784599999999,207.60425999999995,24.0063649,1405.81767
spea2,1,div_on,pareto_16,20.0,8.11,15.0,7.7,4,4.085460967122978,0,"[74, 49, 12, 79]",[],"[74, 49, 12, 79]",735.6685,13.172619999999998,409.94704,0.7007399999999999,151.6377
spea2,1,div_on,pareto_17,71.9,18.6,442.0,39.7,9,0.2748468305555557,4,"[86, 54, 53, 9, 48, 15, 70]","[352, 386, 401, 372, 224, 383]","[86, 54, 53, 9, 48, 15, 70, 352, 386, 401, 372, 224, 383]",1874.6906999999999,63.189804,191.27252,22.317816,1599.7829000000002
spea2,1,div_on,pareto_18,60.300000000000004,17.31,325.0,54.9,11,0.045454545454545456,5,"[29, 90, 77, 42, 68, 84, 6, 86, 54]","[114, 268, 273, 189]","[29, 90, 77, 42, 68, 84, 6, 86, 54, 114, 268, 273, 189]",2376.4465,82.20200399999999,287.0406,23.783073,1635.2199099999998
spea2,1,div_on,pareto_19,63.59999999999999,20.750000000000004,220.0,55.4,8,0.17435387500000005,4,"[6, 18, 81, 77, 67, 28, 56]","[164, 302, 381, 134]","[6, 18, 81, 77, 67, 28, 56, 164, 302, 381, 134]",2202.2208,84.80527,271.927812,20.354145,1372.167
spea2,1,div_off,pareto_0,35.49999999999999,10.030000000000001,585.0,37.300000000000004,8,0.16449084230769254,3,"[19, 90, 20, 54, 48]","[383, 378, 339, 276]","[19, 90, 20, 54, 48, 383, 378, 339, 276]",2604.8906,60.34588,304.68992000000003,32.91044,1570.3689
spea2,1,div_off,pareto_1,20.1,6.38,430.0,19.200000000000003,5,0.282430923076923,2,[33],"[383, 378, 339, 276]","[33, 383, 378, 339, 276]",2626.613,59.81011,328.8942,41.009015999999995,1447.666
spea2,1,div_off,pareto_2,49.6,19.11,290.0,47.9,8,0.08336213076923071,4,"[14, 42, 38, 70]","[296, 203, 161, 302, 218]","[14, 42, 38, 70, 296, 203, 161, 302, 218]",2329.9396,72.65120999999999,336.12359,38.47475,1666.3
spea2,1,div_off,pareto_3,61.7,17.19,456.0,46.099999999999994,10,0.0,5,"[45, 77, 39, 15, 86, 6]","[239, 272, 328, 285, 180]","[45, 77, 39, 15, 86, 6, 239, 272, 328, 285, 180]",2131.8855,76.690814,218.68051,24.391471,2164.529
spea2,1,div_off,pareto_4,88.8,26.700000000000003,285.0,59.0,10,0.31828498288461565,2,"[6, 18, 81, 29, 67, 28, 56]","[164, 302, 381, 134, 248, 117, 353, 266, 336]","[6, 18, 81, 29, 67, 28, 56, 164, 302, 381, 134, 248, 117, 353, 266, 336]",2672.6224300000003,88.88811199999999,339.743832,25.869307999999997,1474.741
spea2,1,div_off,pareto_5,50.79999999999999,11.940000000000001,552.0,41.599999999999994,7,0.0,5,"[15, 86, 6, 38]","[107, 180, 308, 130]","[15, 86, 6, 38, 107, 180, 308, 130]",2245.6834999999996,54.808603999999995,248.54901,29.007668,1678.581
spea2,1,div_off,pareto_6,75.7,19.389999999999997,440.0,55.0,12,0.1540144644230772,2,"[74, 68, 10, 86, 93, 42]","[302, 381, 134, 248, 117, 353, 294, 310, 171]","[74, 68, 10, 86, 93, 42, 302, 381, 134, 248, 117, 353, 294, 310, 171]",2445.6116,80.95028400000001,305.67293000000006,32.293056,1378.0407
spea2,1,div_off,pareto_7,42.60000000000001,24.599999999999994,200.0,38.2,9,0.0822386399999999,3,"[84, 14, 42, 70, 91, 92, 79, 3]","[97, 265, 117, 302]","[84, 14, 42, 70, 91, 92, 79, 3, 97, 265, 117, 302]",2438.57372,110.66167,246.04063100000002,29.50853,1539.9703999999997
spea2,1,div_off,pareto_8,27.2,10.11,60.0,28.0,5,3.3193195535608586,0,"[21, 91, 14, 29, 49, 39]",[],"[21, 91, 14, 29, 49, 39]",817.7174,27.500089999999997,458.38344,4.4380299999999995,656.68475
spea2,1,div_off,pareto_9,42.2,19.889999999999997,168.0,44.0,8,0.0,5,"[84, 61, 77, 94, 68, 79]","[375, 360, 286, 255]","[84, 61, 77, 94, 68, 79, 375, 360, 286, 255]",2133.908,81.2029,235.62,44.51706,2007.923
spea2,1,div_off,pareto_10,95.30000000000001,19.3,576.0,56.7,11,0.15406078346153845,1,"[45, 77, 39, 15, 86, 6]","[234, 162, 310, 382, 341, 227, 160, 405]","[45, 77, 39, 15, 86, 6, 234, 162, 310, 382, 341, 227, 160, 405]",2436.3827,107.481384,318.96419999999995,23.076722999999998,2421.6088
spea2,1,div_off,pareto_11,16.5,7.460000000000001,5.0,19.699999999999996,4,3.9273708031959425,0,"[42, 91, 14, 29, 49]",[],"[42, 91, 14, 29, 49]",633.167,16.815579999999997,433.57507,2.98236,408.01800000000003
spea2,1,div_off,pareto_12,58.5,14.03,340.0,42.0,10,0.022298499999999933,4,"[39, 29, 90, 77, 42, 68, 84]","[393, 310, 130, 330]","[39, 29, 90, 77, 42, 68, 84, 393, 310, 130, 330]",2060.951,53.064960000000006,282.1002,25.162275,1474.516
spea2,1,div_off,pareto_13,10.3,2.85,60.0,3.2,2,4.075744903592416,0,"[49, 39]",[],"[49, 39]",646.8,15.2,438.2,1.988,245.0
spea2,1,div_off,pareto_14,41.1,14.39,285.0,38.400000000000006,8,0.127043875,4,"[86, 93, 90, 20, 54]","[375, 360, 286, 255]","[86, 93, 90, 20, 54, 375, 360, 286, 255]",2017.9305,71.224624,246.38611,41.90052,1354.807
spea2,1,div_off,pareto_15,65.0,24.37,355.0,79.6,12,0.046011753309449746,3,"[77, 42, 68, 84, 6, 36, 86, 54]","[289, 395, 141, 336, 272, 365, 98, 334]","[77, 42, 68, 84, 6, 36, 86, 54, 289, 395, 141, 336, 272, 365, 98, 334]",2461.2931,89.79915400000002,194.38864,19.402282,2173.8034999999995
spea2,1,div_off,pareto_16,35.400000000000006,12.05,178.0,11.799999999999999,6,0.329675301923077,2,"[22, 39, 50]","[214, 216, 298, 302]","[22, 39, 50, 214, 216, 298, 302]",1880.0279999999998,51.88652999999999,309.64507999999995,37.021624,1388.6098000000002
spea2,1,div_off,pareto_17,25.900000000000002,17.24,150.0,28.6,8,0.0,5,"[27, 84, 61, 77]","[300, 379, 375, 360, 286]","[27, 84, 61, 77, 300, 379, 375, 360, 286]",2344.478,77.0088,283.9518,21.89204,1839.7797999999998
spea2,1,div_off,pareto_18,39.0,10.45,370.0,29.1,6,0.07342265000000031,4,"[38, 84, 6]","[234, 341, 160, 318, 311]","[38, 84, 6, 234, 341, 160, 318, 311]",1958.0441999999998,76.32799,217.0836,28.553006000000003,2031.9199999999998
spea2,1,div_off,pareto_19,63.59999999999999,20.750000000000004,220.0,55.4,8,0.11185387500000006,4,"[6, 18, 81, 77, 67, 28, 56]","[164, 302, 381, 134]","[6, 18, 81, 77, 67, 28, 56, 164, 302, 381, 134]",2202.2208,84.80527,271.927812,20.354145,1372.167
spea2,97,div_on,pareto_0,59.71889700000001,15.709999999999999,590.0,40.7,8,0.3731697046153846,2,"[18, 81, 57, 67, 28]","[378, 374, 130, 180, 294]","[18, 81, 57, 67, 28, 378, 374, 130, 180, 294]",2665.7478,49.611239999999995,335.702032,31.039164000000003,1390.964
spea2,97,div_on,pareto_1,104.47632999999999,32.57,247.0,51.4,10,0.1451278825,4,"[3, 12, 21, 7, 18, 81, 67, 28, 56, 22, 76, 82]","[262, 302, 184, 395]","[3, 12, 21, 7, 18, 81, 67, 28, 56, 22, 76, 82, 262, 302, 184, 395]",1946.5468,49.912926,290.84523300000006,31.625110900000003,1391.28242
spea2,97,div_on,pareto_2,38.129942,15.0,258.0,28.1,8,0.26964901666666685,4,"[34, 50, 19]","[296, 131, 112, 203, 161]","[34, 50, 19, 296, 131, 112, 203, 161]",1622.4436999999998,66.17063,223.38971999999995,26.894339000000002,1856.466
spea2,97,div_on,pareto_3,46.204434199999994,15.51,445.0,45.2,9,0.12363455555555528,4,"[6, 78, 22, 54, 4]","[330, 382, 329, 268, 189]","[6, 78, 22, 54, 4, 330, 382, 329, 268, 189]",2536.1579999999994,85.79435999999998,269.70874,25.885024,1677.6601999999998
spea2,97,div_on,pareto_4,22.4625826,10.049999999999999,470.0,21.500000000000004,6,0.19981688717948726,3,[73],"[130, 328, 332, 336, 314, 320]","[73, 130, 328, 332, 336, 314, 320]",2590.645,89.05174000000001,309.16979000000003,23.597377,1620.4807999999998
spea2,97,div_on,pareto_5,45.287499999999994,14.599999999999998,640.0,49.1,9,0.1481873284686731,3,"[6, 78, 22, 54, 4]","[311, 107, 180, 308, 110]","[6, 78, 22, 54, 4, 311, 107, 180, 308, 110]",2585.203,58.525009999999995,259.6673,19.568438,1894.8044
spea2,97,div_on,pareto_6,92.8152286,39.8,125.0,60.4,9,0.3842593913651309,1,"[12, 52, 21, 7, 6, 18, 81, 67]","[317, 252, 264, 219, 139, 266, 351, 336]","[12, 52, 21, 7, 6, 18, 81, 67, 317, 252, 264, 219, 139, 266, 351, 336]",2672.9754300000004,114.84441199999999,287.85905,14.541422,2613.62975
spea2,97,div_on,pareto_7,120.188558,37.9,567.0,69.89999999999999,13,0.3501348013392743,1,"[7, 18, 81, 67, 56, 22, 21, 28, 12, 3, 76, 82]","[311, 332, 132, 159, 99, 245, 323, 284, 266]","[7, 18, 81, 67, 56, 22, 21, 28, 12, 3, 76, 82, 311, 332, 132, 159, 99, 245, 323, 284, 266]",2736.3917300000003,89.9126673,344.59945300000004,17.0977039,2407.60532
spea2,97,div_on,pareto_8,14.7366262,6.46,50.0,8.7,3,2.8176652799623443,0,"[49, 70, 88, 36, 79]",[],"[49, 70, 88, 36, 79]",938.8636,13.90714,430.33139,1.44036,311.59299999999996
spea2,97,div_on,pareto_9,71.643459,16.88,389.0,28.4,10,0.059611483340168234,3,"[76, 18, 68, 3, 35, 45, 57]","[317, 188, 332, 236]","[76, 18, 68, 3, 35, 45, 57, 317, 188, 332, 236]",2119.6431,55.942820000000005,304.111171,18.229929999999996,1867.4308
spea2,97,div_on,pareto_10,84.813981,34.03,225.0,57.10000000000001,10,0.23019987500000028,3,"[12, 52, 21, 7, 6, 18, 81, 67]","[219, 139, 266, 351, 154, 162, 113]","[12, 52, 21, 7, 6, 18, 81, 67, 219, 139, 266, 351, 154, 162, 113]",2650.6429300000004,110.975682,284.39705,26.102202,1842.46109
spea2,97,div_on,pareto_11,110.65964299999999,36.61,297.0,49.800000000000004,10,0.19832246000000014,3,"[3, 12, 21, 7, 18, 81, 67, 28, 56, 22, 76, 82]","[99, 233, 113, 98]","[3, 12, 21, 7, 18, 81, 67, 28, 56, 22, 76, 82, 99, 233, 113, 98]",2665.3860000000004,95.862382,241.48163300000002,31.064973900000002,1482.13776
spea2,97,div_on,pareto_12,48.638487999999995,18.78,270.0,34.8,8,0.1371895150365768,3,"[52, 7, 6, 18, 81, 57]","[321, 171, 312, 160]","[52, 7, 6, 18, 81, 57, 321, 171, 312, 160]",2167.0386,114.91189,220.4086,18.14583,1802.899
spea2,97,div_on,pareto_13,79.688167,24.219999999999995,215.0,36.6,10,0.17681215625000019,4,"[62, 52, 21, 7, 6, 18]","[127, 383, 131, 95, 265, 161, 302]","[62, 52, 21, 7, 6, 18, 127, 383, 131, 95, 265, 161, 302]",1918.7824,64.31517000000001,237.27053,23.926619000000002,2638.1657500000006
spea2,97,div_on,pareto_14,70.39986,22.9,95.0,52.70000000000001,9,0.05556624249813497,4,"[62, 52, 21, 7, 6, 18]","[250, 392, 246, 361, 220]","[62, 52, 21, 7, 6, 18, 250, 392, 246, 361, 220]",1819.7001,63.31425,236.04499000000004,19.84765,2193.51475
spea2,97,div_on,pareto_15,88.19613000000001,24.439999999999998,320.0,47.1,11,0.12910305781031478,3,"[62, 52, 21, 7, 6, 18]","[384, 276, 376, 253, 265, 161, 117, 302]","[62, 52, 21, 7, 6, 18, 384, 276, 376, 253, 265, 161, 117, 302]",2044.061,58.00291,300.75637,23.14357,2518.408115
spea2,97,div_on,pareto_16,44.113665,21.369999999999997,170.0,38.300000000000004,9,0.12429512555555558,3,"[41, 86, 24, 12, 81, 91, 28]","[96, 131, 373]","[41, 86, 24, 12, 81, 91, 28, 96, 131, 373]",2412.7033,112.477584,212.24339199999997,21.589847,1636.7043
spea2,97,div_on,pareto_17,66.23779,20.169999999999998,285.0,35.099999999999994,8,0.1514400000000003,4,"[52, 7, 6, 18, 81, 57]","[173, 117, 218, 360]","[52, 7, 6, 18, 81, 57, 173, 117, 218, 360]",2577.8800000000006,60.65695,295.04330000000004,28.83826,1574.4364
spea2,97,div_on,pareto_18,25.415443999999997,10.67,308.0,32.800000000000004,7,0.07142857142857142,5,"[16, 68, 11]","[188, 365, 152, 320]","[16, 68, 11, 188, 365, 152, 320]",1956.188,98.17869999999999,214.66599,30.352846,1637.6839999999997
spea2,97,div_on,pareto_19,32.92439,10.63,190.0,20.2,4,0.27169054166666673,3,[66],"[328, 224, 381, 393]","[66, 328, 224, 381, 393]",1770.446,58.85002,186.27130000000002,21.657691,1371.759
spea2,97,div_off,pareto_0,62.47161239999999,25.44,210.0,43.5,8,0.18218805112235717,2,"[12, 52, 21, 7, 6, 18, 81, 67]","[108, 160, 238, 309]","[12, 52, 21, 7, 6, 18, 81, 67, 108, 160, 238, 309]",2614.6774000000005,114.95922999999999,192.16997,19.24158,1550.6847500000001
spea2,97,div_off,pareto_1,90.98625000000003,28.790000000000003,514.0,66.0,11,0.0917479610576924,3,"[18, 7, 69, 22, 67, 35, 45, 21, 6]","[361, 99, 308, 215, 272, 167, 282]","[18, 7, 69, 22, 67, 35, 45, 21, 6, 361, 99, 308, 215, 272, 167, 282]",2214.1777,63.002165999999995,320.16551,40.206331,1448.3289499999998
spea2,97,div_off,pareto_2,13.151606,13.16,93.0,22.5,5,0.20002556826923074,2,"[14, 48, 11]","[373, 112]","[14, 48, 11, 373, 112]",2353.7226,113.42985999999999,166.75512,22.27301,1368.1099
spea2,97,div_off,pareto_3,83.45889360000001,22.53,655.0,49.1,10,0.3367688946645455,1,"[7, 6, 18, 81, 57]","[297, 294, 271, 362, 243, 312, 204, 352, 246, 234, 99, 336]","[7, 6, 18, 81, 57, 297, 294, 271, 362, 243, 312, 204, 352, 246, 234, 99, 336]",2759.9137,108.09125599999999,269.56415999999996,15.057513000000002,2609.3575
spea2,97,div_off,pareto_4,52.658781,19.72,160.0,52.1,7,0.047971700000000006,4,"[21, 7, 88, 77, 6, 18, 81, 67]","[356, 165]","[21, 7, 88, 77, 6, 18, 81, 67, 356, 165]",1845.8054,87.15861,161.09097,21.325216,1529.12475
spea2,97,div_off,pareto_5,15.711527199999999,5.78,10.0,8.0,2,2.8432755282888937,0,"[49, 88, 36, 79]",[],"[49, 88, 36, 79]",887.5,12.85,424.45,0.4,159.0
spea2,97,div_off,pareto_6,64.49708099999998,18.550000000000004,213.0,31.799999999999997,8,0.29738077078953284,1,"[94, 7, 6, 18, 81, 67]","[366, 287, 109, 361]","[94, 7, 6, 18, 81, 67, 366, 287, 109, 361]",2706.3619999999996,113.52510000000001,261.17179999999996,18.62711,1412.59661
spea2,97,div_off,pareto_7,82.701746,30.15,275.0,46.5,8,0.00013430894879246422,4,"[12, 52, 21, 7, 6, 18, 81, 67]","[106, 222, 188, 177]","[12, 52, 21, 7, 6, 18, 81, 67, 106, 222, 188, 177]",2113.3274,93.26828,252.34597,18.08533,1639.56875
spea2,97,div_off,pareto_8,77.293207,15.91,468.0,42.9,8,0.0,5,"[94, 7, 6, 18, 81, 67]","[245, 297, 276, 179, 198, 372, 308]","[94, 7, 6, 18, 81, 67, 245, 297, 276, 179, 198, 372, 308]",1862.2145,52.73824999999999,271.86793,38.09131,1754.0478
spea2,97,div_off,pareto_9,75.675713,26.53,175.0,39.2,8,0.07306420000000002,4,"[12, 52, 21, 7, 6, 18, 81, 67]","[112, 233, 128, 113]","[12, 52, 21, 7, 6, 18, 81, 67, 112, 233, 128, 113]",2365.4229000000005,114.61284,175.70305,25.302701,1525.02209
spea2,97,div_off,pareto_10,83.42417099999999,23.34,390.0,60.99999999999999,11,0.16662236923076948,2,"[52, 7, 6, 18, 81, 57]","[374, 300, 232, 381, 353, 272, 308, 113]","[52, 7, 6, 18, 81, 57, 374, 300, 232, 381, 353, 272, 308, 113]",2574.2291,112.28859000000003,307.82811000000004,20.536395,1918.44294
spea2,97,div_off,pareto_11,73.63394999999998,15.01,245.0,40.99999999999999,10,0.09302795250000014,4,"[7, 6, 18, 81, 57]","[203, 112, 128, 113, 314, 245]","[7, 6, 18, 81, 57, 203, 112, 128, 113, 314, 245]",1844.8754999999999,48.840219999999995,239.02517999999995,22.121281,1393.6823399999998
spea2,97,div_off,pareto_12,40.8814672,11.579999999999998,12.0,27.500000000000004,6,2.728528349802592,0,"[49, 41, 88, 36, 21, 82, 76, 28]",[],"[49, 41, 88, 36, 21, 82, 76, 28]",960.9138,14.141606,481.97793300000006,7.6940709,326.17042000000004
spea2,97,div_off,pareto_13,40.782517,12.31,293.0,23.0,7,0.19076633333333348,4,"[44, 4, 50]","[300, 381, 195, 374, 132]","[44, 4, 50, 300, 381, 195, 374, 132]",1636.4859999999999,66.67019,209.63430000000002,25.013014000000005,1989.9234000000001
spea2,97,div_off,pareto_14,56.656563000000006,14.019999999999998,173.0,28.0,9,0.15197641666666664,4,"[50, 7, 88, 77, 16]","[183, 203, 113, 95]","[50, 7, 88, 77, 16, 183, 203, 113, 95]",1669.7345,47.98500000000001,247.01889999999997,50.445840000000004,1938.60734
spea2,97,div_off,pareto_15,15.277986,6.8,465.0,30.9,5,0.11413675000000001,4,"[47, 60]","[270, 130, 180]","[47, 60, 270, 130, 180]",2239.4429999999998,41.1911,258.76893,28.300896,1369.558
spea2,97,div_off,pareto_16,78.32558,18.959999999999997,310.0,38.4,8,0.0644348775000002,4,"[52, 7, 6, 18, 81, 57]","[308, 379, 113, 195, 132]","[52, 7, 6, 18, 81, 57, 308, 379, 113, 195, 132]",2096.5115,52.6265,284.31140000000005,24.695680000000003,1426.3601399999998
spea2,97,div_off,pareto_17,46.717883,12.6,485.0,28.5,7,0.08273334999999989,4,"[30, 34, 4]","[378, 276, 384, 153]","[30, 34, 4, 378, 276, 384, 153]",1729.0857,50.37243999999999,181.73522,26.848337,1546.7404
spea2,97,div_off,pareto_18,95.76603499999999,38.349999999999994,570.0,68.2,11,0.33935353793814516,1,"[3, 12, 52, 21, 7, 6, 18, 81]","[116, 325, 142, 370, 294, 295, 342, 160, 284]","[3, 12, 52, 21, 7, 6, 18, 81, 116, 325, 142, 370, 294, 295, 342, 160, 284]",2693.4166,114.9450433,236.34248000000002,17.030139999999996,2613.8978500000003
spea2,97,div_off,pareto_19,32.92439,10.63,190.0,20.2,4,0.14669054166666673,3,[66],"[328, 224, 381, 393]","[66, 328, 224, 381, 393]",1770.446,58.85002,186.27130000000002,21.657691,1371.759
